eval,public
1.9615214021146883,2.16566
1.9394606771149492,2.1948
1.82806772853271,2.08647
1.7604513686662804,2.11973
1.6441397594032483,1.9132
1.6492905756223122,1.89578
1.6445368651943058,1.87709
1.6573395133124968,1.91764
1.6341141323324622,1.89958
1.646235262153525,1.91194
1.7082119976703554,1.88533
1.6875364006988933,1.90338
1.605707629586488,2.04941
